{
  "episodes": 25,
  "final_avg_reward": -49.997712653220695,
  "final_avg_queue": 75.2825866862138,
  "final_avg_fairness_penalty": 7.3101775878380595,
  "best_avg_reward": -46.165171460951534
}