episode,avg_reward,avg_queue,avg_fairness_penalty
1,-84.14499631549457,79.82928921692152,26.351849673213408
2,-73.4441894942711,75.70280889485787,21.880941484620752
3,-79.40311554689436,102.55214214323752,26.631138382643726
4,-73.27313876475115,96.64439813265368,14.700938741456063
5,-77.78173544202694,107.19535403992897,14.154341232107642
6,-73.1638335850484,99.51284942628108,20.206080884316936
